GCATG	ATCACG	T_eul_PS82_313
AACCA	ATCACG	T_eul_PS82_314
CGATC	ATCACG	T_eul_PS82_315
TCGAT	ATCACG	T_eul_PS82_317
TGCAT	ATCACG	T_sco_PS96_229
CAACC	ATCACG	T_loe_PS96_213
GGTTG	ATCACG	T_sco_PS82_328
AAGGA	ATCACG	T_lep_PS82_346
GCATG	CGATGT	T_loe_PS82_348
AACCA	CGATGT	T_lep_PS82_356
CGATC	CGATGT	T_sco_PS82_371
TCGAT	CGATGT	T_sco_PS82_372
TGCAT	CGATGT	T_sco_PS82_373
CAACC	CGATGT	T_new_KG1_01
GGTTG	CGATGT	T_new_KG1_02
AAGGA	CGATGT	T_han_SG1_04
GCATG	TTAGGC	T_loe_PS96_346
AACCA	TTAGGC	T_loe_PS96_347
CGATC	TTAGGC	T_eul_PS82_357
TCGAT	TTAGGC	T_eul_PS82_360
TGCAT	TTAGGC	T_eul_PS82_361
CAACC	TTAGGC	T_eul_PS82_474
GGTTG	TTAGGC	T_eul_PS82_479
AAGGA	TTAGGC	T_eul_SO_489
GCATG	TGACCA	T_new_JRI_01
AACCA	TGACCA	T_new_JRI_03
CGATC	TGACCA	T_new_JRI_04
TCGAT	TGACCA	T_new_JRI_05
TGCAT	TGACCA	T_new_JRI_06
CAACC	TGACCA	T_new_JRI_07
GGTTG	TGACCA	T_new_JRI_08
AAGGA	TGACCA	T_new_JRI_09
GCATG	ACAGTG	T_loe_ROS_1484
AACCA	ACAGTG	T_loe_ROS_1485
CGATC	ACAGTG	T_loe_ROS_1486
TCGAT	ACAGTG	T_loe_ROS_1487
TGCAT	ACAGTG	T_loe_ROS_1488
CAACC	ACAGTG	T_loe_ROS_1490
GGTTG	ACAGTG	Tre_new_JR_SO_52_36
AAGGA	ACAGTG	Tre_new_JR_SO_52_35
GCATG	GCCAAT	T_sco_Desvignes_02
AACCA	GCCAAT	T_sco_Desvignes_03
CGATC	GCCAAT	T_sco_Desvignes_04
TCGAT	GCCAAT	TA_506_TRNE_4
TGCAT	GCCAAT	TA_506_TRNE_5
CAACC	GCCAAT	TA_508_TRNE_4
GGTTG	GCCAAT	Tre_new_JR_SO_52_25
AAGGA	GCCAAT	Tre_new_JR_SO_52_26
GCATG	CAGATC	Tre_new_JR_NKG_15_01
AACCA	CAGATC	Tre_new_JR_NKG_15_02
CGATC	CAGATC	Tre_new_JR_NKG_15_03
TCGAT	CAGATC	Tre_new_JR_NKG_15_04
TGCAT	CAGATC	Tre_new_JR_NKG_15_05
CAACC	CAGATC	Tre_new_JR_NKG_15_06
GGTTG	CAGATC	Tre_new_JR_NKG_15_07
AAGGA	CAGATC	Tre_new_JR_NKG_15_08
GCATG	ACTTGA	Tre_new_JR_NKG_15_09
AACCA	ACTTGA	Tre_new_JR_NKG_15_10
CGATC	ACTTGA	Tre_new_JR_NKG_15_11
TCGAT	ACTTGA	Tre_new_JR_NKG_15_12
TGCAT	ACTTGA	Tre_new_JR_NKG_15_3
CAACC	ACTTGA	Tre_new_JR_NKG_15_14
GGTTG	ACTTGA	Tre_new_JR_NKG_15_15
AAGGA	ACTTGA	Tre_new_JR_NKG_15_16
GCATG	GATCAG	T_eul_PS82_318
AACCA	GATCAG	T_eul_PS82_3351
CGATC	GATCAG	T_eul_PS82_3488
TCGAT	GATCAG	T_eul_PS82_303
TGCAT	GATCAG	T_eul_PS82_305
CAACC	GATCAG	T_eul_PS82_306
GGTTG	GATCAG	T_eul_PS82_307
AAGGA	GATCAG	T_eul_PS82_308
GCATG	TAGCTT	T_eul_PS82_232
AACCA	TAGCTT	T_eul_PS82_233
CGATC	TAGCTT	T_eul_PS82_234
TCGAT	TAGCTT	T_eul_PS82_235
TGCAT	TAGCTT	T_eul_PS82_237
CAACC	TAGCTT	T_sco_PS96_212
GGTTG	TAGCTT	T_loe_PS82_440
AAGGA	TAGCTT	T_sco_PS96_077
GCATG	GGCTAC	T_loe_PS96_240
AACCA	GGCTAC	T_eul_PS82_310
CGATC	GGCTAC	T_eul_PS82_311
TCGAT	GGCTAC	T_eul_PS82_312
TGCAT	GGCTAC	T_eul_PS82_310_b
CAACC	GGCTAC	T_eul_PS82_311_b
GGTTG	GGCTAC	T_eul_PS82_312_b
CGATC	CTTGTA	Standart_2_lib1
GGTTG	CTTGTA	Standart_1_lib1
AAGGA	CTTGTA	Standart_3_lib1
